{"schemaVersion":"1.0","appDefinitionTemplate":{"id":"/providers/Microsoft.PowerApps/apps/","type":"Microsoft.PowerApps/apps","tags":{"primaryDeviceWidth":"1366","primaryDeviceHeight":"768","supportsPortrait":"true","supportsLandscape":"true","primaryFormFactor":"Tablet","showStatusBar":"false","publisherVersion":"3.24122.12","minimumRequiredApiVersion":"2.2.0","hasComponent":"false","hasUnlockedComponent":"false","isUnifiedRootApp":"false","offlineLargeFilesSupport":"false","sienaVersion":"20241219T122036Z-3.24122.12.0"},"properties":{"appVersion":"2024-12-19T12:20:36Z","lifeCycleId":"Published","createdByClientVersion":{"major":3,"minor":24122,"build":12,"revision":0,"majorRevision":0,"minorRevision":0},"minClientVersion":{"major":3,"minor":24122,"build":12,"revision":0,"majorRevision":0,"minorRevision":0},"backgroundColor":"RGBA(0,176,240,1)","backgroundImageUri":"/12659909667132872915/Nd730eef7-a6d9-4cfc-aae2-8878e5e299fe-logoSmallFile","displayName":"Digi Road map","description":"","commitMessage":"","appUris":{"documentUri":{"value":"/12659909667132872915/N5046951d-778f-489e-9825-45babc8b8626-document.msapp"},"imageUris":[],"additionalUris":[{"isSolutionAware":false,"value":"/12659909667132872915/N139e3c23-5819-4b53-9ac4-4e8232864f1c-identity.json"}]},"createdTime":"0001-01-01T00:00:00Z","lastModifiedTime":"0001-01-01T00:00:00Z","sharedGroupsCount":0,"sharedUsersCount":0,"connectionReferences":{"de9fc52f-78f8-46f0-b378-9504a84d9f42":{"id":"07867429-3b5f-4477-b027-78bd3fd04002","displayName":"SharePoint","iconUri":"https://connectoricons-prod.azureedge.net/releases/v1.0.1723/1.0.1723.3986/sharepointonline/icon.png","dataSources":["Digi_Road_Map","Costs_per_FTE_per_Country","Roles_Affected_by_tool","Tools_Roles_Combination","Digi_Road_map_approvers","Digi_Tools","Previous years OPW savings","Digi_road_map_users_documents"],"dependencies":[],"dependents":[],"parameterHints":{},"parameterHintsV2":{},"isOnPremiseConnection":false,"bypassConsent":false,"dataSets":{"https://healthineers.sharepoint.com/teams/DigitalizationREG-FI":{"dataSources":{"Digi_Road_Map":{"tableName":"bef7d49f-a4b9-4b14-9220-d6a8535a9488"},"Costs_per_FTE_per_Country":{"tableName":"c81b50ea-62ef-4343-9ff6-1bdca42b4bd0"},"Roles_Affected_by_tool":{"tableName":"017ccdfa-79c7-4033-b994-cdc5a7ff8e76"},"Tools_Roles_Combination":{"tableName":"d8db845b-3097-433e-b9ad-a5f829a3702e"},"Digi_Road_map_approvers":{"tableName":"33471d77-1b14-445c-9489-17bef1ff1e3c"},"Digi_Tools":{"tableName":"9254de53-e2cc-40cb-ac8c-f91bc286dd97"},"Previous years OPW savings":{"tableName":"25717118-bf35-47e1-a575-75ce126b1db2"},"Digi_road_map_users_documents":{"tableName":"262ae3f5-a4ab-41b6-acd5-e6b58197864d"}}}},"apiTier":"Standard","isCustomApiConnection":false,"actions":["providers/PowerPlatform.Governance/Operations/Read","providers/PowerPlatform.Governance/Operations/Write","providers/PowerPlatform.Governance/Operations/Delete"]},"b7245e4f-a1fe-4c14-a255-c9f9ca8e2315":{"id":"d67a67f4-2ed0-4d44-8ea3-d3d9753f654f","displayName":"Office 365 Users","iconUri":"https://connectoricons-prod.azureedge.net/releases/v1.0.1718/1.0.1718.3951/office365users/icon.png","dataSources":["Office365Users"],"dependencies":[],"dependents":[],"parameterHints":{},"parameterHintsV2":{},"isOnPremiseConnection":false,"bypassConsent":false,"dataSets":{},"apiTier":"Standard","isCustomApiConnection":false,"actions":["MyProfile_V2"]}},"authorizationReferences":[{"resourceId":"powerbi"}],"databaseReferences":{},"almMode":"Environment","performanceOptimizationEnabled":true,"canConsumeAppPass":false,"enableModernRuntimeMode":false,"executionRestrictions":{"isTeamsOnly":false,"dataLossPreventionEvaluationResult":{"status":"Compliant","lastEvaluationDate":"2024-03-04T13:20:29.7176542Z","violations":[],"violationsByPolicy":[],"violationErrorMessage":"The app uses the following connectors: shared_sharepointonline."}}},"appType":"ClassicCanvasApp","appComponents":[]}}