{"schemaVersion":"1.0","appDefinitionTemplate":{"id":"/providers/Microsoft.PowerApps/apps/","type":"Microsoft.PowerApps/apps","tags":{"primaryDeviceWidth":"1366","primaryDeviceHeight":"768","supportsPortrait":"true","supportsLandscape":"true","primaryFormFactor":"Tablet","showStatusBar":"false","publisherVersion":"3.24095.15","minimumRequiredApiVersion":"2.2.0","hasComponent":"false","hasUnlockedComponent":"false","isUnifiedRootApp":"false","sienaVersion":"20241017T193817Z-3.24095.15.0"},"properties":{"appVersion":"2024-10-17T19:38:17Z","lifeCycleId":"Published","createdByClientVersion":{"major":3,"minor":24095,"build":15,"revision":0,"majorRevision":0,"minorRevision":0},"minClientVersion":{"major":3,"minor":24095,"build":15,"revision":0,"majorRevision":0,"minorRevision":0},"backgroundColor":"rgba(0, 153, 153, 1)","backgroundImageUri":"/9684645022083100337/N589fed7c-7258-4a8f-8129-56518b0ef06d-logoSmallFile","displayName":"Use Case Calculator","description":"","commitMessage":"","appUris":{"documentUri":{"value":"/9684645022083100337/N6fb22361-3a7c-446c-a37b-6650db689d25-document.msapp"},"imageUris":[],"additionalUris":[{"isSolutionAware":false,"value":"/9684645022083100337/N2b526e84-e743-4742-88d3-8a5314285147-identity.json"}]},"createdTime":"0001-01-01T00:00:00Z","lastModifiedTime":"0001-01-01T00:00:00Z","sharedGroupsCount":0,"sharedUsersCount":0,"connectionReferences":{"6bd8e279-f03d-4870-ba19-7f8039022292":{"id":"f6dcceb1-84fd-40ee-8ce8-6fd01fac78b9","displayName":"Logic flows","iconUri":"https://connectoricons-prod.azureedge.net/releases/v1.0.1719/1.0.1719.3955/logicflows/icon.png","dataSources":["UseCaseCalculaterPDFGenerator"],"dependencies":["0c6db5a3-6660-414b-b028-e427e7d0f074"],"dependents":[],"parameterHints":{"workflowName":{"value":"6617bf79-09bc-4b58-9dc5-22163212eeb4"},"workflowEntityId":{},"workflowDisplayName":{"value":"Use Case Calculater PDF Generator"},"0c6db5a3-6660-414b-b028-e427e7d0f074":{"value":"shared_sharepointonline"}},"parameterHintsV2":{"workflowName":{"value":"6617bf79-09bc-4b58-9dc5-22163212eeb4"},"workflowEntityId":{},"workflowDisplayName":{"value":"Use Case Calculater PDF Generator"},"shared_sharepointonline":{"value":"0c6db5a3-6660-414b-b028-e427e7d0f074"}},"isOnPremiseConnection":false,"bypassConsent":false,"dataSets":{},"apiTier":"Standard","isCustomApiConnection":false,"actions":["Run"],"nestedActions":[{"id":"/providers/Microsoft.PowerApps/apis/shared_sharepointonline/apiOperations/CreateFile","apiName":"SharePoint","actionName":"CreateFile","referencedResources":[{"key":"site","value":"https://healthineers.sharepoint.com/teams/REGFIcompass"}]}]},"0c6db5a3-6660-414b-b028-e427e7d0f074":{"id":"07867429-3b5f-4477-b027-78bd3fd04002","displayName":"SharePoint","iconUri":"https://connectoricons-prod.azureedge.net/u/jayawan/releases/v1.0.1697/1.0.1697.3786/sharepointonline/icon.png","dataSources":[],"dependencies":[],"dependents":["6bd8e279-f03d-4870-ba19-7f8039022292"],"parameterHints":{},"parameterHintsV2":{},"isOnPremiseConnection":false,"bypassConsent":false,"dataSets":{},"apiTier":"Standard","isCustomApiConnection":false},"da3a639b-6aa9-4fe5-bdc7-f87b3997fcd6":{"id":"05e3d0d6-209b-4f8d-a825-4952995822af","displayName":"Office 365 Outlook","iconUri":"https://connectoricons-prod.azureedge.net/releases/v1.0.1716/1.0.1716.3922/office365/icon.png","dataSources":["Office365Outlook"],"dependencies":[],"dependents":[],"parameterHints":{},"parameterHintsV2":{},"isOnPremiseConnection":false,"bypassConsent":false,"dataSets":{},"apiTier":"Standard","isCustomApiConnection":false,"actions":["SendEmailV2"]}},"databaseReferences":{},"almMode":"Environment","performanceOptimizationEnabled":false,"canConsumeAppPass":false,"enableModernRuntimeMode":false,"executionRestrictions":{"isTeamsOnly":false,"dataLossPreventionEvaluationResult":{"status":"Compliant","lastEvaluationDate":"2024-10-17T19:39:27.559637Z","violations":[],"violationsByPolicy":[],"violationErrorMessage":"The app uses the following connectors: shared_logicflows, shared_sharepointonline, shared_office365."},"httpActionRestriction":{"appUsesSharepointHttpAction":false,"enforcementStrategy":"Legacy","evaluationTime":"2024-10-17T19:39:27.559516Z"}}},"appType":"ClassicCanvasApp","appComponents":[]}}